Bart Station,Daily Mean Travel Time (Seconds),AM Mean Travel Time (Seconds),PM Mean Travel Time (Seconds),Midday Mean Travel Time (Seconds),Evening Mean Travel Time (Seconds),Early Morning Mean Travel Time (Seconds)
Embarcadero Station,1188.284090909091,1097.5714285714287,1346.1904761904761,1214.5081967213114,1045.5473684210526,
Montgomery BART Station,1285.4555555555555,1182.909090909091,1447.2293577981652,1313.6761904761904,1195.5858585858587,
Powell BART Station,1296.2657342657342,1476.0,1528.4444444444443,1286.7105263157894,1245.0,
